version,time,sha1,validator,n_matched_pairs,n_nonempty_s1,cv,lb,notes
v01_rule_baseline,2026-09-25T07:25:28,4fc8fcf4d2ff06a796adcad15dc49eb78292ef83,PASS,,1702697,train India 0.731 US 0.775 test-weighted~0.748 (thr=1.80),,rule baseline rscore>=1.80; blocking v1 (no translit)
v02_xgb,2026-09-25T09:37:52,683c4496df73c3c0d0a1fbd017201bd270274adb,PASS,5798571,1638561,"OOF US 0.973 India 0.956 test-weighted 0.962 (xgb_v2, 3-fold, 30% S1)",,xgb_v2 select=ef05 thr=0.5
v03_xgb_translit,2026-09-25T11:14:48,9d5fbace8dbab5ee82964619fc08cbb2c4f4dbd4,PASS,5858592,1641755,"OOF US 0.973 India 0.967 test-weighted 0.969 (xgb_v3, translit blocking India, 3-fold, 30% S1)",0.949713,xgb_v3 select=ef05 thr=0.5
v04cand_xgb_extra,2026-09-25T19:35:44,4f7f2d1bfede0bb1f1dc8d6119a9f6359a549194,PASS,5820569,1637300,OOF US 0.979 India 0.973 test-weighted 0.975 (+0.0058 vs v3); test form-conflict selections France 65->4/1k US 27->13 India 7->1,0.962207,xgb_v4x select=ef05 thr=0.5 | PREDICTED LB 0.955-0.959 (v03 0.9497 + train gain 0.006 + test form-conflict removals ~0.003; risk: US near-number twins 94->105/1k)
v05_stage2,2026-09-25T23:21:38,bba74b8aafc7f85f70c815a23cc1170f45e69e69,PASS,5884699,1633127,"OOF US 0.980 India 0.974 test-weighted 0.977 (+0.0018 vs v04); test near-number twins US 105->117/1k (UP), form conflict US 13->15.5",0.95975,s2_v5 select=ef05 thr=0.5 | GATE MIXED (US twin selections rose). PREDICTED LB 0.960-0.964; uploaded only because the daily slot expires at midnight
v06_pool600_frac50,2026-09-26T05:00:13,a7a88ae9023e6620881e165c65c83dcc06dd656e,"PASS (local, --check-ids)",5873185,1639539,"OOF US 0.982 India 0.978 test-weighted 0.980 (+0.0047 vs v04); train recall India 98.07 US 98.54; test near-number twins US 105->103, France 46->44; form conflict flat",0.966682,"xgb_v6 (Kaggle P100, 50% train, pool 600) | GATES PASS | PREDICTED LB 0.966-0.969 (v04 0.9622 + OOF gain ~0.0047, blocking gain may transfer >1x under test crowding)"
v07_blend_own,2026-09-26T08:49:58,f22cface4ab4dfb8583f8ede4508b47fd9cfd577,PASS,5869244,1638951,OOF India 0.97868 US 0.98227 overall 0.98083 (v06 0.98041 same S1s),0.967051,"blend_v7 ef05 owner_prob=True (lean_submit) | LB prediction 0.9668-0.9676 (v06 0.966682 + OOF gain ~0.0004, generic gain ~1x transfer); test-side group counts <= v06"
v07_blend_own_qv,2026-09-26T09:41:59,090371d53b33a3e80d618229bf6a5730ffb2d263,PASS,5847727,1637810,"cross-fitted OOF gain of veto: India +0.00063/+0.00065, US +0.00018/+0.00021 (on top of v07_blend_own)",,"blend_v7_qv ef05 owner_prob=True (lean_submit) | added-qualifier veto (107 zero-match-rate words learned on train, odds x0.02); test removes 15.5/1k India, 13.0/1k US, 2.0/1k France selections; LB prediction 0.9683-0.9695"
v07_own_qv_cs,2026-09-26T10:00:48,91fa6be4fd3f9d649ddaea13fb1711fce5583540,PASS,5794301,1637307,"qv cross-fitted OOF +0.0006 India/+0.0002 US; cs = per-cell sibling prior correction (count ratio, US/India; France uses US multipliers). Test gate: US matches/S1 3.453 -> 3.374 (train 3.331), near-twins 102 -> 64 (train 54), other-twins 186 -> 166 (train 164)",,blend_v7_qv_cs ef05 owner_prob=True (lean_submit) | LB prediction 0.9693-0.9725 (v07_blend_own 0.967051 + qv + cs)
v07_ce_own,2026-09-26T10:34:58,b3aaba10a3d00f73a2c278b591ce4f6d59803841,PASS,5793131,1634320,"CE stack (distilmBERT on raw text, 2-fold cross-fitted LR on held-out S1s): OOF India 0.97829->0.98543, US 0.98204->0.98581, overall 0.98054->0.98566 (+0.0051); clean-S1 check India +0.0077 US +0.0036",,blend_v7_ce ef05 owner_prob=True (lean_submit) | LB prediction 0.9715-0.9760 (v07_blend_own 0.967051 + CE; test counts move toward train: US matches/S1 3.453->3.382)
v07_ce1s_own,2026-09-26T11:45:29,140cd7fc82839164e127e619993fcc2a16d3f120,PASS,5797877,1632739,"v07 + distilmBERT CE + GBM context stacker (no twin/form feats), cross-fitted on 275k held-out S1: India 0.97829->0.98625, US 0.98204->0.98636. Test gate vs stacked train ref: India matches/S1 3.337 (train 3.344), US 3.390 (3.346)",0.978947,blend_v7_ce1s ef05 owner_prob=True (lean_submit) | LB prediction 0.972-0.978
v07_ce12_own,2026-09-26T12:34:07,04d887133b2fd0ef407a0b8ec2b3476246938908,PASS,5786065,1631947,"v07 + CE v1 (distil 337k) + CE v2 (distil 1.47M) GBM context stack, held-out 275k S1: India 0.98748 US 0.98733 (v1-only stack 0.98625/0.98636)",,blend_v7_ce_v1v2 ef05 owner_prob=True (lean_submit) | LB prediction 0.9800-0.9825 (v07_ce1s_own 0.978947 + ~2x of +0.0011)
v07_ce12x_own,2026-09-26T15:09:21,230f18ea3c89ec10f0530cadc79676e46181f7ee,PASS,5783664,1631576,"v07 + CE v1 + CE v2 + XLM-R GBM context stack, held-out 275k S1: India 0.98784 US 0.98756 (uploaded v1 stack 0.98625/0.98636 -> LB 0.978947)",0.982536,blend_v7_ce_v12x ef05 owner_prob=True (lean_submit) | LB prediction 0.9805-0.9835
v09_ce5_frad_own,2026-09-26T21:50:55,2f0d464a4260f42e1b44c4ea027a5064238e94c0,PASS,5791908,1631784,"5-CE stack (distil v1, distil v2, XLM-R, XLM-R epoch2, mDeBERTa-v3) held-out 275k S1: India 0.98808 US 0.98777 (uploaded v07_ce12x_own 0.98784/0.98756); France rows from the France-adapted XLM-R stack (unverifiable, +46 matches/1k S1)",0.9839,final_v09h ef05 owner_prob=True (lean_submit) | LB prediction 0.9829-0.9845
probe_france_empty_v09,2026-09-26T23:12:13,,PASS,,,,0.848752,"MEASUREMENT (user-approved): v09 (LB 0.9839) with all 259,452 France rows empty. France F0.5 = (0.9839 - LB)/0.14975 + France singleton share (~0.05) | RESULT: France F0.5 ~= (0.9839-0.848752)/0.14975 + 0.05 = 0.952; US+India ~= 0.9894"
v10_up1_ce8_fr09plus,2026-09-27T02:08:26,5d6775f746469bd73b2c95c63350a72e5abfc838,PASS,5804080,1632171,"US/India: 8-CE stack (v1,v2,xlmr,xlmr2,mdeb,mdeb-full,xlmr-large,deberta-v3-large) held-out India 0.98814 US 0.98785; France: v09 rows (LB-measured ~0.958) with +1.0 logit recall push (+45 matches/1k S1; v09's +46/1k France adaptation was worth ~+0.006 France F)",0.983929,v10_up1 ef05 owner_prob=True (lean_submit) | LB prediction 0.9842-0.9852
v11_up2_frnoun,2026-09-27T03:11:25,9cafcfa8103b0f208dbc5ea0fc9e45324e8d3ff2,PASS,5790465,1631408,"PROBE (France-only change vs v10_up1 0.983929; US/India rows byte-identical): cap p at 0.003 for France same-number, same-street pairs whose names differ by one S1-vocabulary noun (club/ecole/comite/amicale/centre/...). Evidence: twin share (record name = another S1 at that number) 0.43-0.66 for these nouns vs 0.00-0.15 for filler words (services/developpement/groupe/associes/fils/france = true noisy copies, US analog 92.5% true); cluster-size signature of S1s with a mid-p noun swap matches S1s without one (distractor), not true copies. US/India held-out: rule -0.00003/-0.00002. Removes 52.8/1k France selections (~13.4k France S1 rows change)",0.985752,v11_noun ef05 owner_prob=True (lean_submit) | LB prediction: +0.0009..+0.0015 (0.9848-0.9854) if noun swaps are co-located distractors; ~-0.0003 if true. Decision: dLB>0 keep cap; dLB<0 revert (do not lift unselected noun swaps) | RESULT 0.985752 (+0.001823 = +0.0122 France F0.5; removed France noun swaps were ~all false: CONFIRMED)
v11_up3_ml5fr_noun,2026-09-27T03:28:37,099ad12895108f97d6359556562c88b798dc152f,PASS,5791193,1631361,"CANDIDATE PROBE 2 (France-only vs v10_up1; US/India byte-identical): France rows from a 5-CE multilingual-only stack (v1, v2fr, xlmrfr, xlmr2fr, xlmr-large-fr; the English deberta-v3-large and mdeberta are left out because on France they reject the generator's filler swaps 'X SARL Developpement' that are ~92% true in the US analog), held-out India 0.98801 US 0.98772, then the France noun-swap cap. Versus v11_up2_frnoun: +22/1k filler swaps selected, -8.8/1k multi-word same-address, -6/1k exact-name records at another street/number",,v11_ml5fr_noun ef05 owner_prob=True (lean_submit) | LB prediction: v11_up2 result + 0..+0.0005
v11_up3_ml5fr_nocap,2026-09-27T03:33:37,d6e3fcc1fbacf8a2a7f68ea4aabd83be57667bb1,PASS,5801338,1631920,"FALLBACK PROBE 2 (use only if v11_up2_frnoun < 0.983929): France rows from the 5-CE multilingual France-adapted stack, no noun cap; US/India byte-identical to v10_up1",,v11_mix2 ef05 owner_prob=True (lean_submit)
v12_up3_ml5fr_nounext,2026-09-27T09:22:44,39815e4e132c6a23d32dcd3852c6f565ebb2eecd,PASS,5789677,1631256,"PROBE 2 (France-only vs v11_up2_frnoun 0.985752; US/India byte-identical): France rows from the 5-CE multilingual France-adapted stack (v1, v2fr, xlmrfr, xlmr2fr, xlmrlfr; held-out India 0.98801 US 0.98772) + extended noun cap (nouns in >=30 S1 names, >=4 letters, same number, any street; US/India held-out -0.00005/-0.00002). Vs v11_up2: +22/1k filler swaps (US analog 92.5% true), -6/1k exact-name at other street, -8/1k extra noun swaps",,v12_ml5fr_ext ef05 owner_prob=True (lean_submit) | LB prediction 0.9859-0.9864 (+0.0002..+0.0006 over 0.985752)
v13_int_frnounext_filler,2026-09-27T10:11:29,6a9955f5358771385fd8b79e7fd39dd1d50b6c4c,PASS,5791968,1631321,"INTEGRATED CANDIDATE (France-only vs v11_up2_frnoun 0.985752; US/India byte-identical): v11 France (v09h stack + push) + extended noun cap (-8.2/1k; perfect-deletion bound +0.00034 LB) + filler swaps (same number+street, no twin S1) take max(p, multilingual France-adapted stack p) (+14.0/1k; US analog of this slice 99.5% true). Other v12 stack changes left out (unvalidated)",0.986229,v13_int ef05 owner_prob=True (lean_submit) | LB prediction 0.9859-0.9862 | RESULT 0.986229 (+0.000477 vs 0.985752; best)
v14_final_cascade,2026-09-27T10:39:37,e669b210e3934698359e7262292995a2252b717b,PASS,5791996,1631318,"FINAL CANDIDATE: v13 pipeline (LB 0.986229) + learned cascade filter (GBM p > 0.005, the CE routing threshold) before the final assignment. candidate_pairs 26.55 -> 4.96 per S1 (8.6M pairs), held-out true pairs kept 99.96%, held-out F0.5 unchanged (India 0.98814, US 0.98785 -> 0.98784). matching differs from v13 in 60 of 1.73M rows (exclusive-owner normalisation without near-zero claimants). Reproduced end-to-end by src (france_final.py + predict.py --reuse)",,final_cascade select=ef05 thr=0.5 owner_prob=True | LB prediction 0.98621-0.98625
v15_r2_xlmrl,2026-09-27T18:28:48,d7b559408a80edd18978a5207931a28f9e004775,PASS,5798639,1631540,"PROBE (France-only vs v14/v13 0.986229; US/India identical to v14): round-2 France adaptation of XLM-R-large (Modal A100) on pseudo-labels from the LB-validated recipe (noun swaps as negatives, filler variants as positives, pure sibling-word synthetic negatives), added to the France base stack (v1, v2, xlmr-fr, xlmrl-fr2; held-out India 0.98792 US 0.98764 vs 0.98784/0.98756) and the filler stack. France: +31.3/1k selections (acronyms/aliases/fillers at the S1's exact address), -5.3/1k (residual noun swaps, twins)",0.986586,final_r2 select=ef05 thr=0.5 owner_prob=True | LB prediction 0.9863-0.9866 | RESULT 0.986586 (+0.000357 vs 0.986229 = +0.0024 France F0.5; round-2 France adaptation CONFIRMED)
v16_r2_all,2026-09-27T20:02:48,da18b4b9c6957f75037352b9c1761b9fcd8546bc,PASS,5802083,1631710,"PROBE (France-only vs v15 0.986586; US/India identical): France stacks with the round-2 models: XLM-R-large full data + France (Modal H100, eval logloss 0.1549), XLM-R-base continued (Kaggle, 0.1605), mDeBERTa-v3-base (Modal H100, 0.1649) + v1, v2, xlmr-fr. Held-out base stack India 0.98805 US 0.98779 (v15 0.98792/0.98764). France vs v15: +21.1/1k (filler variants, aliases/acronyms at the exact address), -7.7/1k",0.98674,final_16c select=ef05 thr=0.5 owner_prob=True | LB prediction 0.9866-0.9869 | RESULT 0.98674 (+0.000154 vs v15; FINAL)
